Date,ACB,AGR,CTC,CTG,EIB,HOM,MAS,MBB,SHB,STB
1/4/2015,16.5,5.5,7.5,17,12.7,8.4,84.3,13.5,8.4,18.7
1/6/2015,20.1,5.6,8.1,19.7,13.6,7.5,94.9,14.2,8.1,18.6
1/7/2015,20.7,6,7.2,18.8,12.9,6.9,102,14.9,8.1,18.7
1/9/2015,18.2,4.9,8,19.1,11.5,6.5,119,14.4,6.8,16.6
1/10/2015,19.4,4.1,7.3,19.6,12,6.5,134.1,15.2,6.7,16.6
1/12/2015,19.4,3.8,7.4,18.3,10.5,6.4,132,14.2,6.6,10.9
2/2/2015,16.8,6.2,6,18,13.4,9,84.8,14,8.8,18.4
2/3/2015,17,6.1,6,19.1,13.1,8.9,87,14,8.9,19.4
2/4/2015,16.6,5.8,7.5,17.5,12.6,8.4,85.9,13.6,8.5,18.7
2/6/2015,19.5,5.5,8.1,19.1,13.2,7.4,95,13.9,8,18.1
2/7/2015,21.7,6.2,6.8,19.8,13.3,6.9,102.1,15.3,8.4,18.9
2/10/2015,19.5,4.1,7.1,19.5,11.9,6.4,132.4,15.1,6.7,16.4
2/11/2015,20.6,4,7.4,20.9,11.7,6.7,143.8,14.4,6.7,13.2
2/12/2015,19.5,3.8,7.8,18.6,10.6,6.5,132,14.3,6.6,11.2
3/2/2015,15.9,6,5.9,16.8,12.5,8.9,82,13.3,8.3,17.2
3/3/2015,16.9,6.1,6,19.2,13.1,8.9,87.7,14.1,9.1,19.4
3/4/2015,16.8,5.7,6.8,17.4,12.9,8.4,85.9,13.5,8.4,18.8
3/6/2015,19.7,5.5,8.1,18.8,13.1,7.5,96,13.8,8,18.1
3/7/2015,22.3,5.9,7.2,20.1,13.5,6.9,106,15.4,8.6,18.9
3/8/2015,20.8,5.4,8,22.1,13.6,6.7,126.5,15.5,8.2,19
3/9/2015,18.1,4.8,8,19.2,11.8,6.5,119,14.2,6.9,16.5
3/11/2015,20.6,4,7.4,21,11.7,6.9,139,14.4,6.8,13.2
3/12/2015,19.4,3.8,7.8,18.6,10.6,6.4,132,14.3,6.5,11.5
4/2/2015,16.1,6,5.4,16.2,12.8,9,83.8,13.5,8.5,17.9
4/3/2015,16.9,6.5,6,19.2,13.2,8.9,88,14.1,9.1,19.5
4/5/2015,16.4,5.4,6.1,17,12.5,8,93,13.4,8.1,17.1
4/6/2015,20.5,5.6,8,18.7,13.5,7.4,98.1,13.8,8,18
4/8/2015,20.6,5.5,8,21.8,13.7,6.7,126.5,15.6,8.2,19
4/9/2015,17.9,4.8,8,19.3,11.9,6.3,111,14.3,6.8,16.2
4/11/2015,20.4,4,7.6,20.9,11.6,6.7,139,14.2,6.8,13.1
4/12/2015,19.4,3.7,7.8,18.4,10.5,6.4,132,14.2,6.5,11.4
5/1/2015,15.3,6.2,5.9,13.9,12.8,9,85,13,8.1,17.5
5/2/2015,16.1,6,5.4,17.1,13.1,9,83,13.6,8.6,17.9
5/3/2015,16.8,6.4,6.1,18.8,13.1,8.9,87.5,13.9,9,19.3
5/5/2015,16.6,5.5,6.1,17.7,12.5,8,93,13.5,8.1,17.5
5/6/2015,21.6,5.7,7.9,19.6,13.8,7.5,98.9,13.9,8.1,18.4
5/8/2015,20.9,5.6,8,22.1,13.8,6.7,118,15.9,8.3,19.5
5/10/2015,19.6,4.1,7.1,20,11.9,6.5,132.3,15.2,6.8,16.7
5/11/2015,20.5,3.9,7.5,20.9,11.5,6.8,139,14.2,6.7,12.9
6/1/2015,15.5,6.2,5.9,14,13,9.1,90.5,13.4,8.5,17.8
6/2/2015,16.4,6,5.8,17.7,13.4,8.9,81.9,13.8,8.7,18
6/3/2015,17,6.4,6.1,19.1,13.2,8.9,88,14,8.9,19.6
6/4/2015,16.8,5.6,6.2,17.2,12.7,8.4,85.9,13.5,8.4,18.6
6/5/2015,16.6,5.3,6.1,17.6,12.2,8,93,13.4,8,17.1
6/7/2015,23.4,5.9,7.2,20.3,14,7,103,15.4,8.7,19
6/8/2015,20.5,5.7,8,21.6,13.7,6.7,129,16,7.8,19.1
6/10/2015,20.2,4.3,7.1,20.3,11.9,6.5,125,15.5,6.9,16.9
6/11/2015,20.6,4,7.5,20.8,11.6,6.7,141,14.2,6.7,12.9
7/1/2015,15.7,6.3,6.3,14.4,13.2,9.3,90.5,13.5,8.6,17.9
7/4/2015,16.7,5.8,6.2,17.3,12.7,8.4,86,13.6,8.5,18.5
7/5/2015,16.6,5.3,6.3,17.9,12.6,8,93,13.4,8.1,17.1
7/7/2015,23.6,5.9,7.7,20.8,14,7,112,15.5,8.7,19.5
7/8/2015,20.5,5.5,8,21.5,13.7,6.8,116.2,16,7.9,19.1
7/9/2015,18.1,4.7,8,19.4,11.9,6.3,114,14.4,6.7,16.1
7/10/2015,19.9,4.2,7.1,20,11.7,6.4,129,15.4,6.8,17.5
7/12/2015,19.4,3.8,8,18.2,10.6,6.4,132,14.1,6.4,11
8/1/2015,15.8,6.3,6.3,14.1,13.1,9.2,90.7,13.6,8.6,18.1
8/4/2015,16.6,5.7,6.2,17.3,12.7,8,86,13.6,8.4,18.5
8/5/2015,16.5,5.5,6.8,18.2,12.4,8,93,13.5,8.1,17.1
8/6/2015,21.9,5.9,8,19.9,13.9,7.5,98,14,8.2,18.4
8/7/2015,22.9,5.9,8.3,21.2,14.1,6.9,111,15.8,8.9,19.9
8/9/2015,19,4.8,8.1,20.4,12,6.6,119,15,6.8,16.3
8/10/2015,20.2,4.2,6.4,20.3,11.4,6.5,129,15.1,6.9,18
8/12/2015,19.6,3.8,7.6,18.7,10.2,6.4,137,14.1,6.4,11.4
9/1/2015,15.9,6.4,6.3,14.5,13.4,9.4,90.7,14.3,9,18.5
9/2/2015,16.1,6,5.8,17.8,13.1,8.9,82.4,13.9,8.7,17.9
9/3/2015,16.9,6.2,6.1,18.7,13.2,9,88.1,13.9,8.8,20
9/4/2015,16.5,5.7,5.6,17.8,12.6,8.1,86,13.7,8.5,18.6
9/6/2015,21.9,5.7,7.9,19.6,13.6,7.4,96,13.8,7.9,18.1
9/7/2015,22.7,5.9,8.8,21,14,6.8,109,15.8,8.8,19.8
9/9/2015,19.5,4.7,8.1,20.5,12,6.7,117,15.3,6.9,16.8
9/10/2015,20.6,4.2,7,20.4,11.6,6.4,129,14.9,6.9,18.1
9/11/2015,20.4,3.9,7.5,20.7,11.5,6.8,141,14.5,6.7,12.9
9/12/2015,19.6,3.7,7.8,18.4,10.1,6.5,137,14,6.3,10.8
10/2/2015,16.2,6.1,5.9,18.4,13,8.9,82.4,14,8.8,18
10/3/2015,17,6.3,6.5,18.8,13.3,9.1,88,13.9,9,19.8
10/4/2015,16.6,5.8,6,18,12.7,8.1,84.5,13.7,8.6,18.7
10/6/2015,21.9,5.8,8,19.4,13.5,7.4,96.8,13.9,8,18.1
10/7/2015,22.7,5.9,8.1,22.3,14,6.7,115,16.3,8.9,19.7
10/8/2015,21.2,5.5,8,21.9,13.7,6.8,116.2,16.1,7.9,19
10/9/2015,19.2,4.5,8.1,20.3,11.9,6.7,114.5,15.3,6.9,16.8
10/11/2015,20.2,3.9,7.5,20.3,11.5,6.9,138,14.3,6.7,12.8
10/12/2015,19.3,3.7,7.5,18.1,10.2,6.5,137,14,6.3,11.3
11/2/2015,16.4,6.2,5.9,18.4,13.1,9,82,14.1,8.9,18.6
11/3/2015,17.1,6.3,6.5,18.8,13.2,9,88,13.9,8.9,20.4
11/5/2015,16.6,5.5,6.9,17.9,12.4,8,90.1,13.3,7.9,17.1
11/6/2015,21.5,5.8,8.1,19.3,13.4,7.5,96,13.8,8.1,18.2
11/8/2015,20.9,5.5,8.1,22,13.8,6.8,105,16.1,7.7,18.9
11/9/2015,19,4.5,8.1,19.9,12,6.7,114.5,15.2,6.8,16.4
11/11/2015,19.9,3.9,7.5,20.3,11.4,6.9,138,14.4,6.7,12.7
11/12/2015,19.4,3.7,7.7,18,10.9,6.5,137.1,14,6.4,12
12/1/2015,16.1,6.3,6.3,14.7,13.3,9.3,90.5,14.2,8.8,19
12/2/2015,16.4,6.2,5.9,17.9,13.2,8.9,82,14,8.8,18.8
12/3/2015,17,6.3,6.5,18.9,13.2,9,88,13.9,8.9,20.4
12/5/2015,16.6,5.3,7,17.7,12.1,7.8,90.5,13.1,7.8,17
12/6/2015,21.3,6.2,8.1,19.6,13.2,7.4,97,13.9,8.1,18.4
12/8/2015,20.5,5.4,8.1,21.7,13.8,6.7,115.5,15.8,7.5,18.5
12/10/2015,20.9,4.4,7,20.4,11.6,6.5,118,14.8,6.9,18.2
12/11/2015,20.3,4,7.5,20.6,11.4,6.9,138,14.6,6.7,12.3
13/01/2015,16.5,6.3,5.8,15.5,13.4,9.1,89,14.5,9,18.8
13/02/2015,16.8,6.1,6,17.8,13.3,8.9,82,13.9,8.8,19.1
13/03/2015,16.9,6.3,6.6,19.1,13.2,8.9,88.9,13.9,8.9,20
13/04/2015,16.6,5.8,6,18.1,12.8,8.1,85.5,13.7,8.5,18.5
13/05/2015,16.5,5.2,6.9,17.5,12.1,7.8,90.5,13.2,7.8,16.8
13/07/2015,22.8,5.9,8.1,23,14.9,6.8,110,16.7,9,19
13/08/2015,20.1,5.2,8.1,21.1,13.8,6.6,115.2,15.5,7.5,17.7
13/10/2015,20.8,4.3,7,20.4,11.6,6.5,118,14.8,6.9,18.1
13/11/2015,20.5,3.8,7.3,20.6,11.6,6.7,139.1,14.9,6.8,12.5
14/01/2015,16.2,6.4,5.8,15.4,13.1,9.1,89,14.3,8.8,18.5
14/04/2015,16.6,5.7,6,17.9,12.9,8.1,87,13.6,8.4,18.5
14/05/2015,16.7,5.2,7.4,17.9,12.3,7.8,91.5,13.2,7.8,16.7
14/07/2015,23.2,5.8,8.4,22.7,15.6,6.8,110,16.7,9.5,19.5
14/08/2015,19.8,5.1,7.5,20.7,13.5,6.6,119,15.4,7.3,17.4
14/09/2015,18.9,4.3,8.1,20,11.9,6.5,116,15.5,6.7,16.3
14/10/2015,20.8,4.3,7,20.2,11.6,6.7,126,14.7,6.8,17.8
14/12/2015,19.4,3.5,7.8,17.7,11.5,6.5,140,14.2,6.3,11.7
15/01/2015,15.9,6.4,5.8,15.2,13.1,9.1,90,14.3,8.9,18.5
15/04/2015,16.5,5.6,6.1,18.1,12.9,8,86,13.7,8.5,18.3
15/05/2015,16.1,5.1,7.5,17.4,12.2,7.7,91.5,13.1,7.7,16.4
15/06/2015,21.8,6.6,8.3,20.8,13.5,7.4,97,14.8,8.3,18.5
15/07/2015,22.6,5.7,8.4,22,15.3,6.7,120,16.1,9.1,19.1
15/09/2015,18.7,4.2,8.1,19.9,11.9,6.7,115,15,6.6,15.7
15/10/2015,20.8,4.3,7.2,20.7,11.6,6.5,126,14.7,6.9,17.6
15/12/2015,19.3,3.6,7.7,18.2,11.2,6.5,140,14.1,6.3,11.5
16/01/2015,15.9,6.3,5.4,15.3,13,8.9,92,14,8.7,18.4
16/03/2015,16.9,6.2,6.9,18.8,13.2,8.9,88.9,13.8,8.8,19.4
16/04/2015,16.5,5.9,6.1,18.4,12.8,8.3,87,13.7,8.6,18.4
16/06/2015,21.4,6.5,8.3,20.6,13.5,7.5,102,15.1,8.3,18.5
16/07/2015,22.5,5.7,7.6,21.6,14.6,6.7,125,15.9,9.1,19.4
16/09/2015,18.7,4.2,8.2,19.7,11.8,6.7,115,14.8,6.7,16.2
16/10/2015,20.7,4.1,7.2,21.1,11.7,6.5,126,14.7,6.9,14.8
16/11/2015,20.2,3.9,7.5,20.3,11.4,6.8,138,14.8,6.7,12.5
16/12/2015,19.3,3.6,7.7,18.5,11.2,6.6,139,14.1,6.3,11.5
17/03/2015,16.9,6.2,6.9,18.7,13.1,8.8,88.9,13.8,8.8,19.4
17/04/2015,16.6,6,6.1,18.2,12.8,8.2,88.5,13.7,8.6,18.2
17/06/2015,21.2,6.4,8.3,20.8,13.5,7.3,102,15.2,8.2,18.5
17/07/2015,22,5.8,7.6,21.8,14.6,6.8,127,16,9,19.1
17/08/2015,18.7,5.1,7.5,19.3,12.6,6.6,118,14.7,7.2,17.2
17/09/2015,19.1,4,8.1,19.3,11.7,6.5,115,14.7,6.7,16
17/11/2015,20.1,3.9,7.5,20.1,11.3,6.8,140,14.6,6.7,12.5
17/12/2015,19.5,3.6,7.7,18.8,11.3,6.4,139,14.2,6.5,11.6
18/03/2015,16.9,6.2,6.9,18.2,13.2,8.9,89,13.7,8.7,19.2
18/05/2015,15.9,5,7.5,16.9,12,7.6,90,12.9,7.5,16.4
18/06/2015,21.5,6.8,7.5,20.7,13.4,7.3,104,15.1,8.2,18.5
18/08/2015,19,5.2,7.5,20,12.2,6.6,119,14.8,7.4,17.1
18/09/2015,19.3,4.2,8.1,20,11.8,6.5,119,14.9,6.8,16.3
18/11/2015,20.2,3.8,7.5,20,11.3,6.5,140,14.8,6.8,12.3
18/12/2015,19.2,3.5,7.7,18.5,11.3,6.4,145,14.1,6,11.8
19/01/2015,16.1,6.7,5.4,15.7,13.1,9,92,14,8.7,18.6
19/03/2015,16.9,6.1,6.9,18,13,8.7,88.9,13.6,8.6,19
19/05/2015,16,5,7.8,17.3,12.1,7.6,90,13,7.6,16.4
19/06/2015,21.7,6.6,7.1,20.8,13.4,7.3,106,15,8.2,19
19/08/2015,19.2,5.2,7.5,19.8,12.1,6.6,119,15,7.3,17.1
19/10/2015,20.7,4.1,7,21.2,11.6,6.6,138.6,14.6,6.9,14.7
19/11/2015,20.1,3.9,7.5,19.9,11.3,6.6,138,14.7,6.7,12.2
20/01/2015,16,6.6,5.4,15.4,12.9,9,90.9,14.1,8.7,18.3
20/03/2015,17.1,6.1,6.9,18.1,13.1,8.9,89,13.7,8.7,19.2
20/04/2015,16.5,5.8,6.1,18.1,12.9,8,88.9,13.6,8.5,17.9
20/05/2015,16.1,5.3,8,17.6,12,7.8,93.5,13.2,7.7,16.8
20/07/2015,21.8,5.7,8,22.2,14.3,6.8,123,15.9,8.7,18.8
20/08/2015,18.9,5.2,7.8,19.3,11.8,6.6,120,14.6,7.3,17
20/10/2015,20.6,4.1,7.2,20.9,11.6,6.6,139,14.4,6.8,14.2
20/11/2015,20,3.8,7.5,19.9,11.3,6.6,138,14.6,6.7,12.3
21/01/2015,15.9,6.4,5.4,15.1,12.5,9,90.9,13.9,8.6,18.5
21/04/2015,16.3,5.9,6.1,18,12.8,8,89.9,13.5,8.5,17.8
21/05/2015,16.3,5.5,8.2,17.8,12.2,7.7,93.4,13.3,7.7,17
21/07/2015,21.2,5.6,8,22.2,14.1,6.8,123,15.9,8.7,18.9
21/08/2015,18.9,5,7.1,18.8,11.6,6.5,118.2,14.4,7.2,16.6
21/09/2015,19.3,4.4,8.1,20.2,11.8,6.5,119.5,15.3,6.9,16.6
21/10/2015,20.5,4.1,7.2,20.8,11.7,6.6,139,14.2,6.7,14.1
21/12/2015,19.4,3.5,7.6,18.5,11.1,6.4,145,14,6.3,11.7
22/01/2015,16.3,6.5,5.8,16.1,12.8,9,90,14.4,8.8,18.8
22/04/2015,16.5,5.9,6.1,17.6,13,8.3,91,13.5,8.5,17.4
22/05/2015,16.1,5.6,8,18.1,12.3,7.7,93.5,13.4,7.6,17.7
22/06/2015,21.9,6.3,7.1,21.2,13.3,7.4,106,15.7,8.3,18.9
22/07/2015,22.5,5.7,8.1,23,14.2,6.7,116,16,8.9,19
22/09/2015,19.2,4.3,8,20,11.9,6.5,119.5,15.2,7,16.7
22/10/2015,20.8,4.1,7.2,20.8,11.8,6.5,142,14.3,6.8,14.4
22/12/2015,19.3,3.6,7.6,18.3,11.1,6.4,146,14,6.4,11.9
23/01/2015,17.1,6.5,6,16.6,13.4,9.5,89.9,14.6,9,18.8
23/03/2015,16.9,6.1,6.9,17.6,13,8.5,89,13.7,8.5,19.2
23/04/2015,16.5,5.9,6.1,17.7,13,8.2,92,13.6,8.4,17
23/06/2015,21.8,6.3,7.5,20.6,13.6,7.3,106,15.8,8.3,18.7
23/07/2015,21.8,5.7,8,22.8,14,6.7,119,16.2,8.7,18.9
23/09/2015,19.3,4.3,7.6,20.2,11.9,6.5,118,15.3,6.9,16.6
23/10/2015,20.8,4.1,7.3,21.1,11.8,6.6,142,14.4,6.8,14.3
23/11/2015,19.9,4,7.5,19.7,11.2,6.7,135,14.6,6.7,12.4
23/12/2015,19.2,3.4,7.5,18.1,11.1,6.4,139,14,6.2,11.8
24/02/2015,17.1,6.3,6,18.6,13.3,9,84,14.2,9.1,19.2
24/03/2015,16.8,6,6.9,17.5,12.9,8.7,89,13.6,8.4,19
24/04/2015,16.3,5.8,6.1,17.7,12.8,8.4,93,13.6,8.4,17.6
24/06/2015,21.4,6.3,7.5,20.3,13.5,7.1,104.5,15.6,8.2,18.4
24/07/2015,21.9,5.7,8,22.7,14.2,6.8,119,16.3,8.6,18.5
24/08/2015,17.1,4.7,7.1,17.5,12.3,6.4,116.5,13.5,6.9,15.9
24/09/2015,19.5,4.3,7.6,20.4,12,6.5,115,15.4,6.9,16.4
24/11/2015,19.6,3.8,7.5,19.6,11.2,6.7,138,14.4,6.7,12.3
24/12/2015,19.2,3.5,7.6,18.1,11.1,6.4,139,14,6.2,11.6
25/02/2015,17.3,6.3,6,18.8,13.5,8.9,87.5,14.1,9,19.3
25/03/2015,17,5.8,7.5,17.8,12.8,8.7,88.5,13.6,8.4,19.1
25/05/2015,16.6,5.5,8.4,18.4,12.1,7.7,94,13.3,7.6,17.9
25/06/2015,21.6,6.4,7.5,19.9,13.4,7.2,104,15.4,8.2,18.4
25/08/2015,17.8,4.5,7.6,17.9,12,6.3,119.5,13.6,7,15.5
25/09/2015,19.7,4.2,7.6,20.3,12,6.5,120,15.2,6.8,16.7
25/11/2015,19.6,4,7.4,19.6,11.2,6.7,137,14.4,6.7,12.1
25/12/2015,19.2,3.5,7.6,18.1,11,6.4,139,14,6.1,11.7
26/01/2015,17.2,6.6,6,17.1,13.8,9.3,89.6,14.6,9,18.6
26/02/2015,17.3,6.2,6,19.4,13.4,8.9,87.5,14.3,9.1,19.6
26/03/2015,17,5.8,7.5,17.7,13,8.6,89,13.7,8.4,19.1
26/05/2015,17.5,5.6,7.9,18.8,12.3,7.7,94,13.4,7.8,18.2
26/06/2015,21,6.5,7.3,19.2,13.2,7.2,101.9,15.2,8.1,18.1
26/08/2015,18.4,4.8,7.9,18.7,11.9,6.4,119.5,14.1,7,15.8
26/10/2015,20.9,4,7.3,20.9,11.7,6.6,142,14.2,6.9,14.1
26/11/2015,19.6,3.9,7.4,19.5,11.2,6.5,137,14.4,6.7,11.8
27/01/2015,17.2,6.5,6,17.5,13.6,9.3,87.5,14.3,8.8,18.3
27/02/2015,17,6.1,6,19.4,13.2,9,87.5,14.1,9,19.4
27/03/2015,16.8,5.8,7.5,17.6,12.8,8.6,88,13.7,8.5,19.1
27/04/2015,16.8,5.8,6.1,18,12.9,8.3,92.9,13.8,8.4,17.9
27/05/2015,18,5.5,8.2,18.9,12.4,7.5,93,13.4,7.7,18.1
27/07/2015,22,5.6,8,23,14.1,6.8,116.1,16.2,8.7,19
27/08/2015,18.6,5,8,19.4,11.9,6.5,112.1,14.2,6.9,16
27/10/2015,20.9,4,7.5,20.9,11.8,6.6,142,14.1,6.7,13.7
27/11/2015,19.4,3.8,7.6,19.1,10.9,6.5,136,14.3,6.7,11.7
28/01/2015,18,6.4,6,18.7,14,9,85.6,14.9,9.3,19.4
28/05/2015,19.1,5.7,8.2,19.7,13.2,7.5,93,13.9,8.2,18.6
28/07/2015,21.9,5.5,8.3,23,13.9,6.8,116.1,16,8.6,18.6
28/08/2015,18.8,4.8,8,19.9,12.1,6.6,119.5,14.6,7,17.1
28/09/2015,19.3,4.1,7.6,20,11.9,6.5,120,15,6.8,16.3
28/10/2015,20.6,4,7.5,20.7,11.8,6.7,142,14,6.7,13.5
28/12/2015,19.3,3.4,7.6,18.1,10.9,6.3,139,14,6.1,11.7
29/01/2015,17.7,6.4,6,18.8,14.3,9,82.7,14.8,9.3,19.2
29/05/2015,19.3,5.7,8.2,19.5,13.5,7.5,93,13.8,8,18.1
29/06/2015,20.8,6.6,7.1,19.4,13,7.2,101,15.5,8.2,18.6
29/07/2015,21.7,5.6,8.3,22.5,13.8,6.8,116,15.9,8.4,18.3
29/09/2015,19.4,4.1,7.6,19.7,12,6.5,120,15,6.7,16.3
29/10/2015,20.8,4.1,7.5,20.9,11.8,6.8,143.8,14,6.7,13.7
29/12/2015,19.4,3.4,7.6,18.5,10.9,6.4,139,14,6.1,12
30/01/2015,17.2,6.3,6,18,13.9,8.9,84,14.2,9,19
30/03/2015,16.8,5.6,7.5,17.2,12.5,8.4,87,13.6,8.5,18.7
30/06/2015,20.5,6.2,6.9,19.2,13,7.1,102.1,15.1,8.2,18.6
30/07/2015,21.7,5.6,7.8,22.8,13.8,6.8,115,15.9,8.6,18.4
30/09/2015,19.4,4.1,7.6,19.6,12,6.5,122,15,6.7,16.4
30/10/2015,20.8,4,7.2,20.8,11.8,6.9,143.8,14.4,6.8,13.6
30/11/2015,19.4,3.8,7.7,18.4,10.5,6.5,133,14.1,6.7,11
30/12/2015,19.5,3.4,7.7,18.6,11.6,6.5,139,14,6.3,12.6
31/03/2015,16.7,5.7,8.2,17.3,13.1,8.5,85.9,13.7,8.6,18.7
31/07/2015,21.6,5.5,7.8,22.5,13.6,6.8,115.1,15.8,8.4,19
31/08/2015,18.3,4.9,8,19.3,11.6,6.4,116,14.2,6.8,16.6
31/12/2015,19.8,3.4,7.7,18.6,11.2,7.1,139,14.6,6.5,13.1
1/2/2016,18.9,3,7.7,17.1,10.3,6.3,130.1,14.4,6.4,11.2
1/3/2016,19.6,3,7.7,17.6,10.6,6.2,137.4,15.1,6.9,10.9
1/4/2016,18.3,3.1,7.7,16.3,10.5,6.7,139,14.1,6.3,10.3
1/6/2016,18.5,2.9,9.2,17.8,12.9,6.9,138,15.6,6.3,11.1
1/7/2016,19,2.8,9.1,17,11.4,6.6,147,15,6.1,11.3
1/8/2016,17.8,2.6,8.9,17.7,11.7,6.3,154,15,5.9,11.2
1/9/2016,17.9,2.6,8,17.2,11.1,6.1,144.5,14.8,5.2,10.2
1/11/2016,19.2,2.35,6.4,16.75,10.25,6,155,14.3,5.4,8.5
1/12/2016,18,2.2,6.4,16.2,9.3,6.4,150.3,13.25,5.1,7.55
2/2/2016,19,2.8,7.7,17.1,10.5,6,130,14.4,6.5,11.1
2/3/2016,19.5,3,7.7,17.9,10.5,6.2,137.4,15,6.7,11.1
2/6/2016,18.5,3,9.2,17.9,12.5,6.7,139.5,15.6,6.3,11.2
2/8/2016,17.5,2.6,8.9,17.2,11.3,6.3,152,14.9,5.7,11.1
2/11/2016,19.1,2.3,6.4,16.7,10.1,6,155,14.2,5.3,8.25
2/12/2016,17.7,2.18,6.4,16.15,9.3,6.5,151,13.3,5.1,7.74
3/2/2016,19,2.9,7.7,17,10.6,6.3,138,14.3,6.4,11.1
3/3/2016,19.5,3.1,7.7,18,10.6,6.2,133,15,6.7,11
3/6/2016,18.5,3,8.6,17.8,12.2,6.6,138,15.4,6.4,11.3
3/8/2016,17.3,2.5,8.9,17.1,11.2,6.3,152.2,14.9,5.7,11
3/10/2016,18.6,2.4,8,16.95,10.3,6,155,14.8,4.6,9.2
3/11/2016,19,2.35,6.4,16.6,9.8,6,150,14.05,5.2,8.24
4/1/2016,19.7,3.4,7.7,18.3,11.2,6.5,144.5,14.1,6.4,12.6
4/2/2016,19,2.8,7.7,17.2,10.7,6.3,138,14.5,6.6,11.2
4/3/2016,19.7,3,7.8,17.8,10.4,6.2,133,15,6.8,11
4/4/2016,18.3,3,7.7,16.5,10.1,6.6,139,14.1,6.3,10.3
4/5/2016,17.9,2.9,10.6,16.4,10.4,6.6,139,15.1,6.5,10.2
4/7/2016,18.5,2.8,9.1,17.1,11.4,6.6,149.8,15,6.1,11.3
4/8/2016,17.5,2.4,8.9,17.3,11.1,6.3,151.5,14.8,5.6,10.5
4/10/2016,19.1,2.38,8,17.3,10.3,6.1,153,14.75,4.5,9.15
4/11/2016,19,2.35,6.4,16.6,10.1,6,151.5,13.9,5.3,8.38
5/1/2016,19.4,3.4,7.7,18.1,11.2,6.5,144.5,14,6.3,12.3
5/2/2016,19.1,2.9,7.7,17.2,10.8,6.2,138,14.7,6.7,11.2
5/4/2016,18,3.1,7.5,16.4,10.2,6.6,139,14.2,6.4,10.2
5/5/2016,17.8,2.8,10.6,16.7,10.7,6.6,140,15.1,6.5,10.3
5/7/2016,18.5,2.8,8.5,17.4,11.3,6.6,153,15.2,6.2,11.4
5/8/2016,17.6,2.4,8.9,17.1,11,6.2,150,14.8,5.5,11
5/9/2016,17.8,2.5,7.9,17.1,10.4,6.1,144,14.7,5.1,10
5/10/2016,19.5,2.4,7.7,17.6,10.4,6.1,153,14.75,4.6,9.35
5/12/2016,17.5,2.17,6.4,16.05,8.9,6.5,151,13.2,5,7.5
6/1/2016,19.5,3.3,7.7,18.3,11.2,6.2,139.3,14.1,6.3,12.8
6/4/2016,17.9,3.1,7.5,16.7,10.2,6.5,139,14.5,6.4,10.3
6/5/2016,17.8,2.9,10.1,17.3,10.6,6.8,141,15.3,6.4,10.3
6/6/2016,18.7,2.9,9.4,17.6,11.9,6.6,139.9,15.3,6.3,12
6/7/2016,18.5,2.8,9.3,17.2,11.3,6.6,153,15.1,6.3,11.3
6/9/2016,17.9,2.5,7.9,17.1,10.4,6.1,149.5,14.7,5.2,10.2
6/10/2016,19.5,2.32,7.7,17.6,10.4,5.9,160,14.9,5,9.61
6/12/2016,17.1,2.14,6.4,15.7,8.8,6.5,150,13.3,4.9,7.51
7/1/2016,19.1,3.2,7.7,18.1,11.1,6.8,140,13.9,6.2,12.6
7/3/2016,19.8,3,7.9,17.8,10.4,6.3,133,14.8,6.7,11
7/4/2016,18.2,3.1,7.5,16.7,10.5,6.7,137,14.5,6.4,10.1
7/6/2016,18.7,2.9,9.5,17.4,11.9,6.6,139.9,15.5,6.3,11.9
7/7/2016,18.7,2.7,10.2,17.3,11.3,6.9,150,15.1,6.4,11.2
7/9/2016,17.8,2.6,8,17.2,10.4,6.2,156,14.8,5.2,10
7/10/2016,19,2.48,7.7,17.3,10.4,5.8,155,14.95,4.9,9.53
7/11/2016,19.1,2.35,6.4,16.7,10.25,6,150.2,13.95,5.3,8.42
7/12/2016,16.8,2.1,6.4,15.65,9.41,6.5,150,13.15,5,7.4
8/1/2016,19.1,3,7.7,17.7,10.9,6.8,139,13.8,6.1,12.6
8/3/2016,19,3.1,7.9,17.7,10.6,6.4,134,14.8,6.7,10.9
8/4/2016,18.5,2.9,7.5,16.7,10.4,6.6,137,14.4,6.5,10.1
8/6/2016,18.8,3,9.8,17.6,12,6.6,139,15.4,6.4,12.1
8/7/2016,18.7,2.8,9.2,17.2,11.1,6.7,152.8,15.1,6.3,11.2
8/8/2016,17.6,2.4,8.9,17.2,11.1,6.2,150,14.8,5.4,10.9
8/9/2016,17.8,2.5,8,17.2,10.3,6.2,165,14.9,5.3,9.9
8/11/2016,19,2.3,6.4,16.55,10,6.2,150.5,14,5.5,8.43
8/12/2016,16.8,2.14,6.4,15.55,9.5,6.3,148,13.15,5.1,7.91
9/3/2016,19.4,3.2,7.9,17.4,10.6,6.4,133,14.9,6.7,10.9
9/5/2016,18,3,9.1,17.3,10.7,6.7,141,15.3,6.5,10.3
9/6/2016,18.9,3,9.8,17.8,12,6.8,139,15.5,6.4,12.1
9/8/2016,17.6,2.5,8.9,16.9,11,6.3,149,14.8,5.4,10.7
9/9/2016,17.7,2.5,8,17.4,10.5,6.4,163.5,14.9,5.2,9.9
9/11/2016,18.7,2.29,6.4,16.45,10,6.2,148,13.8,5.3,8.25
9/12/2016,17.1,2.12,6.4,15.4,9.8,6.4,149,13.3,4.9,7.8
10/3/2016,19.3,3.2,7.9,17.5,10.6,6.4,133,15,6.8,10.9
10/5/2016,17.9,2.9,9.4,17.4,11,6.7,141,15.2,6.5,10.4
10/6/2016,19,2.9,9.8,17.8,11.8,6.7,139.5,15.4,6.3,11.5
10/8/2016,17.7,2.6,8.3,17.4,10.9,6.2,149,14.9,5.4,10.8
10/10/2016,19,2.35,7.7,17.1,10.4,6,158,14.85,4.8,9.37
10/11/2016,19.1,2.25,6.4,16.6,10,6.4,151,13.85,5.5,8.4
11/1/2016,19,2.9,7.7,17.7,10.9,6.8,140,13.7,6.1,12.3
11/3/2016,19.4,3.2,7.9,17.4,10.3,6.4,136,14.9,6.7,11
11/4/2016,18.4,2.9,7,16.5,10.5,6.6,138,14.5,6.4,10.1
11/5/2016,17.9,2.8,9.6,18,11,6.7,140,15.3,6.4,10.3
11/7/2016,18.5,2.8,10.1,17.4,11.1,6.7,152,15.2,6.2,11.2
11/8/2016,17.7,2.7,8.3,17.6,10.7,6.2,149.5,15,5.6,10.9
11/10/2016,19,2.36,7.7,17.15,10.35,6,158.5,14.8,4.7,9.25
11/11/2016,19.1,2.29,6.4,16.45,10,6.4,158,13.8,5.4,8.24
12/1/2016,19,3,7.7,17.8,11.3,6.8,140,13.9,6.2,12.5
12/4/2016,18.3,2.7,7.5,16.2,10.5,6.5,138,14.4,6.4,10.1
12/5/2016,18.8,2.9,9.6,17.7,11.2,6.5,144.9,15.1,6.5,11
12/7/2016,18.5,2.7,9.1,17.7,10.8,6.8,150,15,6.1,11.2
12/8/2016,17.7,2.7,8.3,17.5,10.7,6.2,148,14.9,5.6,10.9
12/9/2016,17.6,2.63,8,17.25,10.4,6.1,162,14.9,5,10
12/10/2016,19.3,2.4,7.7,17.15,10.4,6,158.6,14.8,4.8,9.22
12/12/2016,17,02.09,6.4,15,10,6.4,146,13.2,4.7,7.61
13/01/2016,19,3,7.7,17.7,12,6.8,140,13.8,6.2,12.4
13/04/2016,18.1,2.8,7.5,16.2,10.4,6.5,138,14.4,6.4,10.2
13/05/2016,18.7,2.9,9.6,17.7,11.3,6.8,144.7,15.1,6.7,11.7
13/06/2016,19,2.9,9.8,17.6,11.6,6.7,139.5,15.3,6.3,11.8
13/07/2016,19,2.8,10,18.9,11.3,6.8,151,15.3,6.2,11.5
13/09/2016,17.5,2.59,8,17.15,10.4,6,160.5,14.85,5.1,9.99
13/10/2016,19.4,2.4,7.7,17.15,10.35,6,158.6,14.8,4.9,9.2
13/12/2016,16.6,02.08,6.4,14.6,10,6.5,149,13.2,4.6,7.62
14/01/2016,19,2.9,7.8,17.7,11.3,6.8,140,13.8,6,11.9
14/03/2016,19.1,3.2,7.9,17.4,10.4,6.3,136,14.7,6.6,11
14/04/2016,17.8,2.9,7.5,16.1,10.3,6.6,138,14.5,6.4,10.2
14/06/2016,19.1,2.9,9.8,17.4,11.6,6.7,139.5,15.3,6.3,11.8
14/07/2016,19,2.7,8.9,18.6,12,6.8,151,15.5,6.3,11.5
14/09/2016,17.4,2.53,8,16.8,10.2,6.2,165,14.8,5,10.1
14/10/2016,19.3,2.5,7.7,17.05,10.35,6.3,158,14.85,5.1,9.21
14/11/2016,19,2.25,6.4,16.5,10,6.6,157,13.75,5.4,08.01
14/12/2016,16.6,2.1,6.4,14.65,9.85,6.5,148.5,13.2,4.7,7.9
15/01/2016,19.1,2.8,7.7,17.6,11.2,6.8,140,13.7,5.9,11.1
15/02/2016,19,2.9,7.7,17.2,10.3,6.2,138,15,6.8,11
15/03/2016,19.2,3.1,7.9,17.3,10.4,6.3,138,14.7,6.6,10.8
15/04/2016,17.9,3,7.6,16.2,10.4,6.6,138,14.3,6.5,10.1
15/06/2016,19.1,3,9.8,17.4,11.6,6.7,139.6,15.3,6.3,11.7
15/07/2016,19,2.8,8.5,18.7,12.3,6.8,151,15.5,6.3,11.9
15/08/2016,17.5,2.6,8.5,17.5,10.9,6.3,148.5,14.9,5.5,10.9
15/09/2016,17.3,2.44,8,16.95,10.7,6.2,161,14.85,4.9,10.1
15/11/2016,19.1,2.28,6.4,16.5,9.9,6.4,155.5,13.7,5.3,8.1
15/12/2016,16.7,2.12,6.4,14.85,9.3,6.5,147.5,13.15,4.7,8
16/02/2016,19.4,2.9,7.5,17.1,10.2,6.2,132.1,15,7,10.9
16/03/2016,19.2,3.2,7.9,17.3,10.3,6.2,138,14.7,6.6,10.7
16/05/2016,19,2.9,8.7,17.5,11.3,6.8,145,15,6.7,12.1
16/06/2016,19.1,2.9,9.8,17.2,11.5,6.7,141,15.2,6.2,11.6
16/08/2016,17.8,2.5,8.5,17.3,10.9,6.2,148.5,14.8,5.5,10.7
16/09/2016,17.3,2.5,8,16.95,10.7,6.2,161,14.75,4.6,9.4
16/11/2016,18.9,2.29,6.4,16.4,9.8,6.5,154,13.6,5.3,8.1
16/12/2016,17.2,02.01,6.4,15,9.6,6.5,147.5,13.15,4.8,8.2
17/02/2016,19.2,2.9,7.9,17.1,10.1,6.5,135,14.9,6.9,10.6
17/03/2016,19.1,3.4,7.9,17.4,10.5,6.3,138,14.8,6.7,10.8
17/05/2016,19,2.9,9.5,18,11.3,6.8,145,15,6.7,12.7
17/06/2016,19.1,2.8,9.8,16.9,11.8,6.5,141,15.2,6.2,11.3
17/08/2016,17.7,2.6,8.5,17.3,10.8,6.2,149,14.9,5.6,10.8
17/10/2016,19.1,2.4,7.7,17.05,10.35,6,156.6,15,5.2,9.22
17/11/2016,19,2.27,6.4,16.25,9.8,6.7,153.9,13.55,5.4,7.91
18/01/2016,18.6,2.7,7.7,16.8,10.9,6.2,140,13.3,5.7,10.7
18/02/2016,19.2,2.9,7.9,17.4,10.5,6.2,133,14.9,7,11
18/03/2016,19.1,3.3,7.9,17.3,10.4,6.2,139,14.8,6.7,10.4
18/05/2016,19.3,2.8,9.4,17.9,12,6.8,144.5,15.3,6.7,12.6
18/07/2016,18.9,2.8,8.5,18.7,12.3,6.8,150,15.5,6.2,12.1
18/08/2016,17.6,2.6,8.1,17.3,10.8,6.3,148.9,14.9,5.4,10.6
18/10/2016,19.2,2.47,7.7,17.05,10.6,6,157,15,5.1,9.24
18/11/2016,18.9,2.24,6.4,16.25,9.6,6.3,152.5,13.5,5.4,7.88
19/01/2016,18.9,2.7,7.7,17.4,10.9,6.2,140,13.5,5.8,11.2
19/02/2016,19.2,2.9,7.6,17.2,10.5,6.2,133.2,15.5,6.7,11
19/04/2016,17.8,3,7.6,16,10.4,6.4,138,14.4,6.4,10
19/05/2016,19.4,2.9,9.2,17.7,12.1,6.7,143,15.6,6.5,12.4
19/07/2016,18.5,2.7,8.5,18.2,12,6.7,150,15.2,6.2,11.6
19/08/2016,17.6,2.5,8.1,17.1,11,6.4,149,14.8,5.4,10.6
19/09/2016,17.1,2.53,8,17.1,10.7,6.1,160,14.75,4.8,9.87
19/10/2016,19.6,2.44,7.7,17.35,10.6,6.3,157.7,15,5.6,9.48
19/12/2016,17,2.15,6.4,15.3,9.6,6.2,147.9,13.25,4.8,8.42
20/01/2016,18.9,2.6,7.7,16.9,10.8,6.4,140,13.4,5.8,10.9
20/04/2016,17.7,2.9,7.7,16,10.4,6.4,138,14.5,6.4,10
20/05/2016,19.1,3,9.2,17.5,12,6.7,143,15.7,6.5,11.9
20/06/2016,19.2,2.9,9.8,17,11.8,6.7,141,15.1,6.3,11.3
20/07/2016,18.5,2.7,8.1,17.8,11.8,6.6,150,15.1,6.1,11.2
20/09/2016,17.1,2.52,8,17.05,10.5,6.1,160,14.75,4.8,9.79
20/10/2016,19.5,2.4,7.4,17.3,10.6,6,155,15,5.7,9.32
20/12/2016,17,2.3,6.4,15.25,9.4,6.5,148,13.3,4.9,8.4
21/01/2016,18.9,2.6,7.7,16.4,10.7,6.2,140,13.3,5.7,10.6
21/03/2016,19,3.3,7.7,17.3,10.3,6.2,139,14.7,6.6,10.6
21/04/2016,17.7,3,8.4,16,10.5,6.3,138,14.6,6.3,10.2
21/06/2016,19.2,2.9,9.8,17,11.7,7.3,140.9,15.1,6.2,11.5
21/07/2016,18.3,2.7,8.1,17.8,11.5,6.6,151,15.2,6.1,11.3
21/09/2016,17.4,2.5,8,17,10.5,6.1,158.5,14.7,4.8,9.52
21/10/2016,19.4,2.4,7.4,17.15,10.5,6,158.5,14.95,5.6,9.25
21/11/2016,19,2.24,6.4,16.55,9.65,6.7,150,13.4,5.3,8.3
21/12/2016,17.9,2.46,6.4,15.2,9.6,6.5,145,13.3,5,8.26
22/01/2016,18.6,2.5,7.7,16.1,10.3,6.4,140,13.6,5.9,10.9
22/02/2016,19.2,3,7,17.2,10.3,6.2,138,15.5,6.8,10.8
22/03/2016,18.9,3.2,7.2,17.1,10.3,6.2,138,14.6,6.7,10.6
22/04/2016,18.2,2.9,9.2,16.8,10.5,6.4,136,14.9,6.5,10.2
22/06/2016,19.2,2.9,9.8,16.9,11.6,7.7,141.5,15,6.2,11.5
22/07/2016,18.1,2.7,8.1,17.8,10.8,6.3,151,15.2,6.1,11.1
22/08/2016,17.5,2.4,8.1,17.2,11.2,6.4,148.9,14.8,5.3,10.6
22/09/2016,17.3,2.5,8,17,10.6,6.1,156.5,14.75,4.7,9.6
22/11/2016,19.1,2.23,6.4,16.75,9.68,6.2,151,13.4,5.3,8.27
22/12/2016,17.8,2.63,6.4,15.1,9.6,6.5,143.8,13.25,4.8,8.2
23/02/2016,19.2,2.9,7,17.1,10.3,6.2,135.8,15.3,6.7,10.9
23/03/2016,18.8,3.3,7.9,17.2,10.3,6.1,139,14.6,6.6,10.6
23/05/2016,18.5,3,9.2,17.1,12.3,6.7,138,15.4,6.5,11.7
23/06/2016,19.2,2.9,9.8,17.2,11.6,7,143,15,6.3,11.5
23/08/2016,17.6,2.5,8.4,17.1,11.1,6.4,148.8,14.8,5.3,10.5
23/09/2016,17.4,2.5,8,16.9,10.6,6.1,156,14.75,4.7,9.5
23/11/2016,19.3,2.23,6.4,16.75,9.68,6.7,151,13.45,5.3,8.27
23/12/2016,17.3,2.66,6.4,15.2,9.6,6.1,143,13.2,4.7,8.34
24/02/2016,20,2.9,7.5,18.2,10.4,6.2,134,15.3,6.8,11.2
24/03/2016,18.7,3.2,7.9,16.9,10.3,6.1,140,14.5,6.6,10.3
24/05/2016,18.5,2.9,9.2,17.3,12.1,6.7,140,15.5,6.4,11.5
24/06/2016,19.2,2.8,9.8,16.7,11.4,6.9,141,14.9,6.1,11.3
24/08/2016,17.5,2.5,8.4,17.3,11.1,6.3,135.5,14.8,5.4,10.5
24/10/2016,19,2.4,7.4,17.3,10.5,6.1,158.4,14.35,5.6,9.2
24/11/2016,19.4,2.23,6.4,16.4,9.69,6.2,151,13.45,5.2,8.22
25/01/2016,19.1,2.6,8,17.2,10.1,6.6,138,14.2,6.3,11.6
25/02/2016,19.8,3,7.5,18.4,10.3,6.1,134,15.1,6.9,11.1
25/03/2016,18.6,3.2,7.9,16.9,10.3,6.1,145,14.6,6.5,10.4
25/04/2016,18,2.9,9.5,17.1,10.5,6.4,136,14.9,6.5,10.3
25/05/2016,18.4,2.9,9.2,17.3,12.3,6.8,142,15.2,6.4,11.2
25/07/2016,18.1,2.6,8.1,17.5,11,6.3,151,15,6.1,11
25/08/2016,17.8,2.5,8.4,17.1,11.2,6.2,125,14.9,5.4,10.3
25/10/2016,19.2,2.39,7.4,17.2,10.4,6.1,155.5,14.3,5.5,9.1
25/11/2016,19.4,2.2,6.4,16.25,9.68,6.1,150.5,13.35,5.2,8.1
26/01/2016,19,2.7,7.7,17.4,10.5,6.6,138,14.1,6.4,11.1
26/02/2016,19.9,2.9,7.6,18.3,10.5,6.1,133,15,6.9,11.2
26/04/2016,18,2.9,10.4,16.9,10.5,6.3,137,14.9,6.4,10.2
26/05/2016,18.3,2.9,9.2,17.1,12.7,6.8,142,15.3,6.3,11
26/07/2016,17.9,2.6,8.9,17.6,11.3,6.3,150.1,15.1,6.1,11.2
26/08/2016,17.9,2.5,8,17.4,11.2,6.2,137.5,14.9,5.5,10.5
26/09/2016,17.2,2.53,8,16.9,10.4,6.2,155.5,14.75,4.6,9.41
26/10/2016,19.1,2.41,7.4,16.95,10.4,6.1,154,14.25,5.3,09.02
26/12/2016,17.8,2.7,6.4,15.15,9.2,6.5,141.5,13.15,4.7,8.35
27/01/2016,19,2.8,7.7,17.5,10.3,6.3,138,14.2,6.5,11.2
27/04/2016,17.8,2.9,10.6,16.5,10.6,6.4,138,14.7,6.3,10.2
27/05/2016,18.5,2.8,9.2,17.4,12.6,6.8,141,15.4,6.4,11.3
27/06/2016,19.1,2.8,9.8,16.7,11.5,6.9,141,14.9,6.2,11.3
27/07/2016,17.9,2.6,8.9,18,11.6,6.4,150.1,15.2,6.1,11.2
27/09/2016,17.3,2.45,8,17.15,10.5,6,156,14.7,4.6,9.43
27/10/2016,19.2,2.4,7,16.6,10.3,6.1,153,14.25,5.3,8.95
27/12/2016,17.4,2.7,6.4,15.2,9.5,6,137,13.25,4.7,8.6
28/01/2016,19,2.9,7.7,17.2,10.1,6.1,138,14.5,6.5,11.3
28/03/2016,18.6,3.1,7.7,16.9,10.4,6.1,145,14.6,6.5,10.3
28/04/2016,17.7,2.9,10.6,16.2,10.6,6.4,138,14.8,6.4,10.3
28/06/2016,19,2.9,9.8,16.5,11.3,6.5,143,14.9,6.3,11.3
28/07/2016,17.9,2.6,8.9,17.8,11.9,6.4,151.5,15.1,6,11.2
28/09/2016,18.2,2.5,8,17.4,10.4,6.1,156,14.7,4.5,9.43
28/10/2016,19.4,2.38,6.4,17,10.3,6,154.1,14.25,5.5,8.87
28/11/2016,19.1,2.24,6.4,16.1,9.6,6.1,150,13.2,5,7.8
28/12/2016,17.5,2.52,6.4,15.2,9.5,6.5,139,13.3,4.5,9.1
29/01/2016,19,3,7.7,17.2,10.5,6.4,138,14.4,6.5,11.3
29/02/2016,19.7,2.9,7.7,17.8,10.4,6.1,133,14.6,6.7,11
29/03/2016,18.5,3.2,7.7,16.6,10.3,6.2,145,14.5,6.5,10.1
29/04/2016,17.9,3,10,16.6,10.6,6.8,138,15.1,6.5,10.3
29/06/2016,19,2.8,9.8,16.9,11.4,6.5,145.2,15,6.2,11.4
29/07/2016,18.1,2.7,8.9,17.8,11.9,6.3,153.9,15,6,11.3
29/08/2016,17.8,2.4,8,17.3,11.2,6.2,146,14.8,5.4,10.5
29/09/2016,18.3,2.48,8,17.15,10.3,6.1,156,14.8,4.6,9.39
29/11/2016,19.1,2.22,6.4,16.05,9.5,6.3,150,13.3,5,7.8
29/12/2016,17.6,2.4,6.4,15,9.6,6.3,141,13.4,4.6,9.4
30/03/2016,17.7,3.1,7.7,16.7,10.3,6.8,139,14.4,6.5,10.3
30/05/2016,18.5,2.8,8.6,17.6,12.6,6.9,141.8,15.6,6.3,11.1
30/06/2016,19,2.8,9.1,16.8,11.5,6.6,148,14.9,6.1,11.3
30/08/2016,17.8,2.5,8,17.4,11.2,6.2,144,14.8,5.4,10.5
30/09/2016,18.3,2.39,8,16.95,10.3,6,155,14.9,4.6,9.32
30/11/2016,19.1,2.18,6.4,16.1,9.45,6.3,150.1,13.35,5.2,7.5
30/12/2016,17.6,2.49,6.4,15.05,9,6.3,155.1,14,4.6,9.45
31/03/2016,18.3,3.2,7.7,16.4,10.5,7.1,139.2,14.3,6.5,10.3
31/05/2016,18.4,2.9,8.5,17.8,13,6.9,142,15.6,6.3,11
31/08/2016,18,2.5,8,17.4,11.2,6.1,143,14.8,5.3,10.4
31/10/2016,19,2.35,6.4,16.85,10.2,6,154.5,14.3,5.4,8.82
1/3/2017,22.6,3.2,6,18,10.8,6.2,104,13.95,5.3,10.2
1/6/2017,24.8,3.44,5.1,18.65,11.8,5.8,99.3,19.1,7.2,12.65
1/8/2017,26.1,05.09,4.8,20,11.7,5,90,23.7,8.2,13
1/9/2017,28.6,5.62,4.5,19.05,12.15,4.3,84.7,23.45,7.8,11.6
1/11/2017,30.7,4.61,4,18.8,11.15,4.3,89.2,22.65,7.9,11.2
1/12/2017,35.2,5.5,3.7,24.05,12.45,4.1,88.8,25.5,9.4,13
2/2/2017,23.8,03.09,6,18.7,10.25,6.5,147.5,14.2,4.7,10.05
2/3/2017,22.5,3.2,6,17.95,10.9,6.1,105.9,13.9,5.2,10.2
2/6/2017,24.7,3.44,5.5,18.7,11.6,5.7,99.3,19,7.3,12.4
2/8/2017,26.1,5.34,4.8,20.15,12.5,5,88.6,23.5,8.1,12.55
2/10/2017,30.4,5.68,4,18.45,12.3,4.4,88,21.6,8,12.3
2/11/2017,29.8,4.59,4,18.5,11.1,4.3,89,22.45,7.8,11.3
3/1/2017,19,2.51,6.4,16.1,9.45,6.3,142,13.75,4.7,8.79
3/2/2017,24.2,3.2,6,18.45,10.9,6.6,145,14.15,4.9,10.05
3/3/2017,22.8,3.1,6,18.3,10.9,6.2,105.9,13.8,5.1,10.9
3/4/2017,25,3.59,5.7,18,11.85,6.1,101.2,15.45,5.8,12.25
3/5/2017,23.8,3.46,3.8,17.5,11.15,6,103.5,16.8,7.5,11.65
3/7/2017,26.4,3.79,4.6,20.65,12.8,5.2,95.3,22.25,8,13.6
3/8/2017,26,5.46,4.6,20.15,13.1,5,89,23.5,8.1,12.3
3/10/2017,30.3,5.54,4,18.4,12.2,4.4,89,21.55,7.9,12.15
3/11/2017,30.4,4.6,4,18.75,11.3,4.4,89.4,22.65,7.8,11.1
4/1/2017,19.1,2.42,6.4,16.4,9.85,6.5,141.9,13.6,4.7,8.2
4/4/2017,25.3,3.74,5.7,17.95,11.8,6.1,100.3,15.45,6,12.4
4/5/2017,23.8,3.59,3.8,17.8,11.35,5.8,102,16.5,7.1,12.15
4/7/2017,26.2,3.9,4.4,20.35,12.7,5.5,95.5,22,8,13.2
4/8/2017,25.8,5.7,4.2,19.95,13,5,89,23.3,8.1,12.7
4/10/2017,30.9,5.69,4,18.8,12.2,4,89.9,22.4,8,12.2
4/12/2017,36.5,5.61,3.7,24.25,12.25,4.1,89.4,25.85,9.6,13.7
5/1/2017,19.1,2.46,6.4,16.5,9.55,6.5,141.9,13.5,4.6,8.58
5/4/2017,25.2,3.72,5.7,18,11.8,6.1,100.3,15.4,5.8,12.3
5/5/2017,23.5,3.53,3.8,17.75,11.1,5.9,103.1,16.7,7.3,12.1
5/6/2017,24.8,3.39,5.4,18.8,11.6,5.6,99,19.1,7.4,12.7
5/7/2017,26.5,4.17,4.4,20.4,12.9,5.5,96,21.75,8.3,13.45
5/9/2017,29,5.74,4.5,18.9,12.1,4.3,84.5,23.35,7.9,11.85
5/10/2017,30.5,5.73,4,18.9,12,4.2,92,22.1,8,12.1
5/12/2017,35,5.69,3.7,23.5,12.45,4.2,89.5,24.9,9.1,13
6/1/2017,20.1,2.45,6.4,16.65,9.75,6.4,142,13.75,4.8,8.78
6/2/2017,23.6,3.23,6,18.3,10.8,6.6,141,14.1,5.1,9.95
6/3/2017,22.6,3.24,6,18.4,10.85,6.2,106,13.95,5.1,10.8
6/6/2017,25.3,3.37,5,19.2,11.9,5.7,99.5,19.4,7.3,13.55
6/7/2017,26.5,4.46,4.4,20.25,12.9,5.5,95.5,21.8,8.5,13.45
6/9/2017,28.9,5.65,4.5,18.75,12.15,4.1,84.5,23.35,7.8,11.65
6/10/2017,31.3,5.69,4,19.1,11.9,4.4,92.5,23.1,8,12.3
6/11/2017,30.8,4.62,4,19.4,11.4,4.4,89.6,22.9,7.8,11.2
6/12/2017,34.9,5.62,3.7,23.5,12.55,4.2,89.9,24.9,9.3,13.25
7/2/2017,23.7,3.16,6,18.15,10.8,6.4,109.2,14,5,9.87
7/3/2017,22.5,3.24,6,18.3,10.65,6.1,105,13.95,5.1,10.5
7/4/2017,24.8,3.64,5.7,18,12.2,6.2,100,15.35,5.8,13.15
7/6/2017,26.4,3.35,4.9,19.9,12,5.3,99.4,20.25,7.4,13.45
7/7/2017,26.5,4.17,4.4,19.9,13,5.4,95.4,21.4,8.1,13
7/8/2017,26,06.09,4.2,19.95,12.9,4.5,88.7,23.7,8.2,12.55
7/9/2017,28.6,5.65,4.5,18.9,12.15,4.2,84,23.2,7.9,11.75
7/11/2017,30.8,4.6,3.6,19.5,11.4,4.4,90,23.25,7.8,11.2
7/12/2017,36.2,5.65,3.7,23.3,13,4.2,89.9,24.7,9.5,13
8/2/2017,23.7,3.17,6,17.85,10.8,6.4,108,14.15,5,10
8/3/2017,23.3,3.21,6,18.35,10.9,6.1,105.8,14.1,5.1,10.6
8/5/2017,23.1,3.48,3.8,17.75,11.1,5.9,103.5,16.4,7,11.75
8/6/2017,26.1,3.46,5.2,19.55,11.8,5.4,96.6,20.05,7.3,13.8
8/8/2017,26,6.51,4.2,19.65,12.65,4.7,88.2,23.3,8.1,12.2
8/9/2017,28.1,5.57,4.5,18.75,12.1,4.2,84,22.75,7.8,11.65
8/11/2017,31.4,4.55,3.9,19.9,11.3,4.4,89.6,23.8,7.9,11.2
8/12/2017,36,5.5,3.7,23,12.8,4.1,90.5,24.9,9.4,12.95
9/1/2017,20.8,2.48,6.4,17.1,9.73,6.3,140,13.7,4.7,8.99
9/2/2017,23.7,3.39,6,18.05,10.6,6.5,105,14.25,5.1,10.2
9/3/2017,23.4,3.15,6,18.4,10.8,6.2,105.6,14.55,5.1,10.45
9/5/2017,23.7,3.55,3.8,17.95,11.2,5.9,103,16.65,7,11.9
9/6/2017,26.2,3.38,5.2,19.4,12.3,5.5,98.4,20.05,7.2,13.9
9/8/2017,25.6,6.69,4.4,18.8,12.55,4.7,89.5,22.45,7.9,11.8
9/10/2017,31.9,5.7,4,19.2,12,4.4,93.5,23.2,8.2,12.45
9/11/2017,31.5,4.51,3.6,19.7,11.15,4.4,89.5,23.5,7.8,11.15
10/1/2017,21,2.55,6,16.9,9.6,6.5,139,13.7,4.8,9
10/2/2017,23.9,3.55,6,18.55,10.5,6.4,102,14.15,5,10.2
10/3/2017,23.7,3.21,6.2,18.2,10.9,6.1,105,14.4,5.1,10.45
10/4/2017,24.4,3.41,5.7,17.9,11.95,6.1,100.1,15.3,6.3,12.8
10/5/2017,23.7,3.56,3.8,18.3,11.25,5.9,103.6,16.9,6.8,12.4
10/7/2017,25.9,04.05,4.2,19.6,12.9,5.2,95,20.75,8,12.85
10/8/2017,25.4,6.23,4.7,18.55,12.5,4.7,90,22.5,7.9,11.95
10/10/2017,31.9,5.63,4,19.1,11.8,4.4,94.1,23.35,8.1,12.45
10/11/2017,32,4.53,3.6,20.4,11.3,4.4,89.5,23.55,7.9,11.4
11/1/2017,21.6,2.56,6,17.7,9.6,6.5,141,13.75,4.7,09.03
11/4/2017,23.7,3.55,5.7,18.1,11.85,6.1,99,15.65,6.8,12.65
11/5/2017,23.4,3.52,3.8,18.1,11.2,6,100.3,16.9,6.8,12.35
11/7/2017,25.9,04.05,4.2,19.6,12.7,5.4,95.4,21.2,8.1,12.6
11/8/2017,25.4,5.8,4.4,19,12.45,4.7,89.4,22.4,7.8,11.95
11/9/2017,27.5,5.52,4.5,18.55,12.05,4.4,84,22.45,7.7,11.6
11/10/2017,32,5.67,4,18.9,12,4.3,93,23.3,8.2,11.65
11/12/2017,35.4,5.35,3.7,21.4,12.25,4,93,24,8.9,12.3
12/1/2017,21.6,2.56,6,17.6,9.6,6.5,139,13.85,4.7,09.04
12/4/2017,23.1,3.49,5.5,17.8,11.65,6.1,95.9,15.35,6.9,12.75
12/5/2017,23.6,3.45,3.8,18.15,11.2,5.6,99.9,16.7,6.7,12.2
12/6/2017,26,3.35,4.7,19.5,12.25,5.5,97,19.85,7.1,13.8
12/7/2017,25.9,4.15,4.5,19.5,13,5.3,97,21.3,8.1,12.6
12/9/2017,27.8,5.61,4.5,18.65,12.2,4.4,82.8,23,7.7,11.45
12/10/2017,31.8,5.67,4,18.85,11.95,4.3,91.9,23.1,8.1,11.6
12/12/2017,34.6,5.35,3.7,21.4,12.45,4.2,89,24,8.7,12.45
13/01/2017,21.5,2.56,6,17.3,9.6,6,139,13.75,4.8,8.95
13/02/2017,23.5,3.79,6,18.5,10.65,6.5,103,14.4,5.1,10
13/03/2017,22.9,3.18,6.2,17.95,10.85,6.1,105,14.7,5,10.55
13/04/2017,23,3.42,5.5,17.75,11.65,6.1,93,15.5,7.4,11.9
13/06/2017,26.5,3.36,4.7,19.8,12.35,5.5,96,19.9,7.2,13.9
13/07/2017,25.9,4.26,4.3,19.7,12.85,5.3,96,21.35,8.2,12.4
13/09/2017,28.4,5.61,4.5,18.6,12.5,4.4,82,23,7.7,11.5
13/10/2017,32.4,5.67,4,19,11.75,4.2,91.3,23.35,8.1,11.5
13/11/2017,31.8,4.63,3.6,20.4,11.15,4.3,89.5,23.05,7.8,11.2
13/12/2017,33.8,5.33,3.7,20.85,12.35,4,89.3,23.25,8.6,12
14/02/2017,23.5,3.79,6,18.65,10.7,6.5,103.9,14.3,5,10.1
14/03/2017,22.8,3.19,5.6,17.9,10.85,6,106,14.65,5,10.45
14/04/2017,22.9,3.4,5.5,17.5,11.45,6,91.5,15.2,7.6,11.6
14/06/2017,26.7,3.59,4.7,20.25,12.15,5.5,95.4,20.35,7.3,14
14/07/2017,25.8,4.22,4.3,19.35,12.85,5.4,95,21.25,8.1,12.1
14/08/2017,25.7,6,4.4,19.25,12.2,4.7,88.8,23.2,8,12.1
14/09/2017,28.2,5.9,4.5,18.75,12.5,4.3,82.8,23.1,7.7,11.7
14/11/2017,32.2,4.61,3.6,20.9,11,4.2,89.9,23.1,7.9,11.15
14/12/2017,34.2,5.4,3.7,22,12.35,4,89.4,24,8.8,12.5
15/02/2017,23.3,3.85,6,19.3,10.55,6.5,103,14.5,5,9.95
15/03/2017,23.1,3.11,5.6,17.8,10.85,6.1,105.9,14.5,5,10.35
15/05/2017,23.5,3.52,3.8,18.1,11.15,5.8,99.8,16.5,6.7,12.65
15/06/2017,26.4,3.65,4.4,20.45,12.15,5.4,96.7,20.1,7.3,13.75
15/08/2017,25.8,6.3,4.4,19.05,12.1,4.7,90.3,22.9,7.9,11.9
15/09/2017,28.1,5.88,4.5,18.7,12.8,4.3,82.5,22.9,7.7,11.5
15/11/2017,32.5,4.62,3.6,20.8,11.25,4.1,89.6,22.9,8,11.45
15/12/2017,34.2,5.49,3.4,21.9,12.55,4.1,89.8,24.25,8.7,12.7
16/01/2017,21.8,2.54,6,16.5,9.6,6.5,139,13.65,4.7,8.96
16/02/2017,22.7,3.59,6,19.3,9.82,6.4,103,14.6,5.1,10.45
16/03/2017,23.2,3.3,5.5,17.85,10.9,6,105,14.5,5,10.35
16/05/2017,23.9,3.57,3.8,17.8,11,5.8,99.8,16.5,6.8,12.35
16/06/2017,26.4,3.68,4.4,20.4,12.2,5.5,95.6,20.2,7.4,13.9
16/08/2017,25.9,5.95,4.4,18.9,12.1,4.7,92,22.75,7.9,12
16/10/2017,32.7,5.61,4,19.15,11.3,4.2,92.5,23.1,8.1,11.6
16/11/2017,33.1,4.94,3.6,21,11.7,4.2,89.6,23.3,7.9,12
17/01/2017,23,2.53,6,17.65,9.46,6.5,139,14.15,4.8,9.24
17/02/2017,22.7,3.4,6,18.9,10.3,6.4,103.3,14.75,5.1,11
17/03/2017,23.4,3.37,5.5,18.05,10.9,6.2,104.7,14.5,5,10.3
17/04/2017,22.5,3.43,5,17,11.4,6,89,15.1,7.2,11.2
17/05/2017,24.4,3.54,3.8,17.75,11,5.6,99.8,16.55,7,12.5
17/07/2017,24.9,4.11,4.3,18.8,12,5.2,94.9,20.6,7.8,11.7
17/08/2017,25.6,5.7,4.4,18.55,11.3,4.3,90.1,22.05,7.8,11.85
17/10/2017,32.8,5.6,4,19.4,11.5,4.3,92.4,23.45,8.3,11.45
17/11/2017,33.1,5.28,3.6,20.6,11.6,4.2,89.2,23.6,8.1,11.75
18/01/2017,23.1,2.53,6,17.3,9.55,6.5,140.7,14,4.7,9.45
18/04/2017,22.9,3.41,5,17.3,11.4,6,89.2,15.2,7.4,11.3
18/05/2017,24.5,3.45,3.8,17.95,11.1,5.5,99.9,17.2,6.9,12.45
18/07/2017,25.1,4.1,4.3,18.6,12,5.2,94.9,20.7,7.9,12.1
18/08/2017,25.7,5.75,4.4,18.6,12.05,4.4,91,22.4,7.8,11.75
18/09/2017,28.2,6.15,4.5,19.15,12.8,4.4,83.6,23,7.9,11.8
18/10/2017,32.9,5.5,4,19.5,11.55,4.3,91.3,23.1,8.2,11.4
18/12/2017,35.1,5.63,3.4,22.5,12.3,4.2,90,24.7,9.2,12.75
19/01/2017,23,2.6,6,17.65,9.55,6.5,139.1,13.9,4.6,9.59
19/04/2017,22.7,3.64,5,17.3,11,6,91,15,7.5,11.6
19/05/2017,24.7,3.53,3.8,18.2,11.1,5.6,101.2,17.75,6.9,12.4
19/06/2017,26.6,3.64,4.4,20.7,12.3,5.5,95.7,20.75,7.7,14.15
19/07/2017,25.1,4.38,4.7,18.9,11.2,5.3,96,20.5,8,12.05
19/09/2017,28.1,6,4.5,19.3,12.6,4.4,85.5,22.9,7.9,11.75
19/10/2017,32.4,5.56,4,19.5,11.65,4.3,92,22.6,8.2,11.5
19/12/2017,34.8,5.53,3.4,22.05,12.3,4.2,89.5,24.55,9.1,12.55
20/01/2017,23.1,2.63,6,17.9,9.59,6.5,139.1,13.9,4.7,9.5
20/02/2017,22.7,3.38,6,18.5,10.75,6.4,103.5,14.65,5.1,11.05
20/03/2017,23.9,3.5,5.5,18.3,11.4,6.1,104.9,15.05,5.1,10.55
20/04/2017,22.7,3.55,5,17.4,11.2,6,90,15,7.3,11.6
20/06/2017,26.8,3.6,4.4,20.9,13.1,5.5,96,21.4,7.8,14.55
20/07/2017,25.2,4.68,4.7,19,11.45,5,95.5,20.8,8,11.8
20/09/2017,28.1,06.07,4.5,19.5,12.35,4.4,85.5,22.95,8.2,11.7
20/10/2017,31.7,5.44,4,19.45,11.5,4.3,91.8,22.5,8.1,11.55
20/11/2017,32.8,5.28,3.6,20.8,11.6,4.2,89.2,23.75,8.1,11.85
20/12/2017,34.8,5.53,3.4,22.45,12.4,4.1,89,24.9,9.2,12.55
21/02/2017,22.7,3.5,6,18.3,10.95,6.1,103.3,14.65,5.2,10.85
21/03/2017,25,3.55,5.5,18.5,11.8,6.1,105.2,15.4,5.1,10.7
21/04/2017,22.7,3.5,5,17.1,10.95,5.9,91,15.1,7.6,11.25
21/06/2017,26.3,3.55,4.4,20.25,13.4,5.5,95.8,21.9,7.7,14.6
21/07/2017,25,4.45,4.7,18.6,11.65,4.8,95.7,20.3,7.8,11.7
21/08/2017,26.2,5.66,4.4,18.55,12.3,4.4,90,22.2,7.7,11.7
21/09/2017,28.4,06.03,4.5,19.8,12.4,4.4,84.2,23.15,8.1,11.6
21/11/2017,32.8,5.24,3.6,21.2,11.9,4.2,89.5,24,8.1,11.85
21/12/2017,34.7,5.48,3.4,22.1,12.4,4.1,89,24.95,9,12.3
22/02/2017,22.6,3.3,6,18,10.8,6.2,103.4,14.65,5.1,10.95
22/03/2017,25,3.79,5.6,18.35,12.2,5.9,104.9,15.4,5.1,10.75
22/05/2017,25.1,3.57,3.8,19.2,11.45,5.7,101.2,18.3,7.1,12.7
22/06/2017,26.1,3.79,4.8,19.95,13.1,5.5,95.8,21.7,7.4,14.3
22/08/2017,26.2,5.42,4.5,18.25,12,4.4,89.5,22,7.7,11.7
22/09/2017,29.2,06.03,4.5,19.55,12.4,4.4,84,22.95,8,11.55
22/11/2017,33.9,5.23,3.8,22.65,12.45,4.3,89.4,24.2,8.1,12.4
22/12/2017,34.6,5.48,3.4,22.3,12.4,4.1,89,25.25,9,12.55
23/01/2017,22.9,2.7,6,18.3,9.47,6.5,141.9,13.8,4.7,9.55
23/02/2017,22.6,3.15,6,17.9,10.7,6.2,104.5,14.2,5.1,11.05
23/03/2017,24.9,04.05,5.6,18.5,12.3,5.9,104.6,15.4,5.2,11.4
23/05/2017,24.5,3.5,4.1,18.7,11.3,5.7,101.7,17.6,6.8,12.4
23/06/2017,25.7,3.89,5,20,12.85,5.5,95.8,21.5,7.5,14.2
23/08/2017,26.4,5.45,4.5,18.25,11.8,4.4,90,22,7.7,11.8
23/10/2017,30.7,5.13,4,18.95,11.45,4.3,91,22.2,8,11.3
23/11/2017,34,5.39,3.5,23.7,12.55,4.2,89.3,24.7,8.3,12.35
24/01/2017,23.5,2.71,6,18.55,9.58,6.5,143,14.1,4.7,9.85
24/02/2017,22.7,2.95,6,18.05,10.6,6.4,103.6,14.15,5,10.3
24/03/2017,25.5,4.33,5.7,18.7,11.8,6,104.3,15.65,5.7,11.4
24/04/2017,22.5,3.48,5,17,11.7,5.9,90.5,14.95,7.5,10.5
24/05/2017,25.2,3.49,4.5,19.25,11.45,5.6,101.7,18.8,7,12.55
24/07/2017,24.7,4.36,4.7,18.6,11.7,4.8,94.5,20.7,7.8,11.85
24/08/2017,27.4,5.57,4.5,18.9,11.95,4.3,90.1,22.8,7.8,11.75
24/10/2017,31.1,5.1,4,18.85,11.55,4.4,90.5,22.35,8,11.3
24/11/2017,34.1,5.4,3.5,23.4,12.45,4.2,89.3,24.75,8.3,12.4
25/01/2017,23.6,2.89,6,18.55,9.58,6.5,144,14.15,4.8,10.2
25/04/2017,22.1,3.45,4.5,17.1,11.5,5.8,90.2,14.9,7.6,11.1
25/05/2017,25.1,3.49,4.1,18.9,11.5,5.6,101.5,19.1,7.1,12.4
25/07/2017,25.1,4.43,4.7,19.1,11.8,4.7,94,22.1,7.9,12.5
25/08/2017,27.6,5.76,4.5,18.85,12,4.3,89,22.95,7.8,11.8
25/09/2017,30.1,5.8,4.5,19.4,12.45,4.5,83.7,22.9,8.1,12.3
25/10/2017,31.9,5.14,4,19.1,11.5,4.3,91.8,22.7,8.1,11.3
25/12/2017,34.5,5.36,3.4,22.2,12.25,4.1,90,25,9,12.35
26/04/2017,22.7,3.41,4.5,17.2,11.1,5.9,91,15.05,7.4,11.85
26/05/2017,25,3.49,4.1,18.9,11.7,5.6,102,19.45,7,12.3
26/06/2017,26.1,3.9,5,20.25,12.7,5.5,95.8,21.7,7.5,14.2
26/07/2017,25.6,4.43,4.7,19.45,12.15,4.7,88,22.1,8,12.8
26/09/2017,30.6,5.95,4.5,19.45,12.4,4.5,85.8,22.75,8,12.5
26/10/2017,31.5,4.97,4,18.8,11.4,4.3,91,22.5,7.9,11.35
26/12/2017,34.7,5.51,3.4,23.15,12.2,4.1,90,25,9.1,12.6
27/02/2017,22.9,3.15,6,18.3,10.5,6.4,103,14.1,5.1,10.45
27/03/2017,25.2,04.03,5.7,18.8,11.9,6.2,104,15.45,6.1,11.4
27/04/2017,22.7,3.47,4.5,17.3,11.4,6,92.8,15.2,7.5,12.4
27/06/2017,25.9,3.76,5,20,12.7,5.5,95.8,21.7,7.5,14.35
27/07/2017,25.4,4.45,4.8,19.3,11.9,4.8,92,22.2,8,12.65
27/09/2017,30.1,5.9,4.5,18.8,12.4,4.4,88,22.7,8.1,12.25
27/10/2017,31.9,4.8,4,19.1,11.4,4.2,90.9,23,8,11.35
27/11/2017,34.2,5.58,3.5,23.4,12.55,4.3,89.5,24.4,8.8,12.55
27/12/2017,36.5,5.5,3.4,23.3,12.2,4,89.6,25.1,9.2,12.85
28/02/2017,22.9,3.37,6,18.25,10.65,6,104.7,14,5.3,10.3
28/03/2017,24.7,3.92,5.7,18.5,11.95,6.1,103.9,15.35,5.8,11.15
28/04/2017,23.2,3.45,4.1,17.35,11.2,6,100,15.8,7.5,11.55
28/06/2017,25.8,3.8,5,20.15,12.6,5.4,95,21.8,7.5,14.2
28/07/2017,25.8,4.6,4.8,19.5,12.15,5,92,23.5,8,12.8
28/08/2017,28.5,5.7,4.5,18.85,12.05,4.2,89.9,23.05,7.8,11.75
28/09/2017,30.3,5.72,4.3,18.5,12.3,4.3,88,22.55,8,12.6
28/11/2017,34,5.57,3.7,23.1,12.35,4.2,89.4,24.25,8.8,12.6
28/12/2017,36.8,5.67,3.4,24.25,12.55,4.1,89,25.65,9.2,12.95
29/03/2017,24.6,3.66,5.7,18.35,11.8,6.1,101.6,15.3,5.8,11.2
29/05/2017,25.1,3.46,4,19.55,11.75,5.7,98,19.2,6.9,12.7
29/06/2017,26,3.91,4.6,20.15,12.6,5.5,95.2,22.3,7.5,14.1
29/08/2017,28.6,5.56,4.5,18.7,12.2,4.2,89.9,22.95,7.8,11.6
29/09/2017,30.6,5.73,4.1,18.5,12.5,4.4,88,21.75,8,12.5
29/11/2017,34.5,5.48,3.7,24.1,12.45,4.2,89.4,25,9.4,13.2
29/12/2017,36.9,06.06,3.4,24.2,12.65,4.1,89.8,25.4,9.3,12.85
30/03/2017,24.7,3.89,5.7,18.35,11.8,6.2,101.8,15.55,5.9,11.25
30/05/2017,25,3.42,4.3,18.9,11.8,5.7,97,19,6.9,12.6
30/06/2017,25.9,3.86,4.6,20.25,12.9,5.6,95.1,22.3,7.6,13.8
30/08/2017,28.5,5.5,4.5,18.55,12.15,4.2,89.5,23.2,7.7,11.45
30/10/2017,31.3,4.67,4,18.95,11.15,4.3,89.7,22.6,7.9,11.25
30/11/2017,34.9,5.56,3.7,24.3,12.45,4.2,87.5,25.6,9.4,13.1
31/03/2017,24.5,3.7,5.7,18.1,11.65,6.2,101.3,15.35,5.7,11.45
31/05/2017,25,3.4,4.7,18.8,11.9,5.8,98.9,18.85,7.2,12.5
31/07/2017,26,4.76,4.8,20.4,11.6,5,91,23.8,8.3,13.1
31/08/2017,28.7,5.58,4.5,19.05,12.15,4.1,88.3,23.75,7.9,11.7
31/10/2017,30.6,4.58,4,18.75,11.4,4.5,90.4,22.6,7.8,11